from,to
ヒューマンインタフェース_0,ヒューマンインタフェース_1
ヒューマンインタフェース_0,ヒューマンインタフェース_2
ヒューマンインタフェース_0,ヒューマンインタフェース_3
ヒューマンインタフェース_0,ヒューマンインタフェース_4
ヒューマンインタフェース_0,ヒューマンインタフェース_5
ヒューマンインタフェース_0,ヒューマンインタフェース_6
ヒューマンインタフェース_0,ヒューマンインタフェース_7
ヒューマンインタフェース_0,ヒューマンインタフェース_8
ヒューマンインタフェース_0,ヒューマンインタフェース_9
ヒューマンインタフェース_0,ヒューマンインタフェース_10
ヒューマンインタフェース_0,ヒューマンインタフェース_11
ヒューマンインタフェース_0,ヒューマンインタフェース_12
ヒューマンインタフェース_2,ヒューマンインタフェース_13
ヒューマンインタフェース_2,ヒューマンインタフェース_14
ヒューマンインタフェース_3,ヒューマンインタフェース_15
ヒューマンインタフェース_3,ヒューマンインタフェース_16
ヒューマンインタフェース_3,ヒューマンインタフェース_17
ヒューマンインタフェース_5,ヒューマンインタフェース_18
ヒューマンインタフェース_5,ヒューマンインタフェース_19
ヒューマンインタフェース_5,ヒューマンインタフェース_20
ヒューマンインタフェース_7,ヒューマンインタフェース_21
ヒューマンインタフェース_7,ヒューマンインタフェース_22
ヒューマンインタフェース_7,ヒューマンインタフェース_23
ヒューマンインタフェース_7,ヒューマンインタフェース_24
ヒューマンインタフェース_7,ヒューマンインタフェース_25
ヒューマンインタフェース_7,ヒューマンインタフェース_26
ヒューマンインタフェース_7,ヒューマンインタフェース_27
ヒューマンインタフェース_7,ヒューマンインタフェース_28
ヒューマンインタフェース_7,ヒューマンインタフェース_29
